abigail,abigale,abi
alex,alexey,alexander,alexandre,alexei
andy,andrew
Andrei,Andrey
anthony,tony
artem,artyom
bailey,baily
billy,bill,will,william
benjamin,ben
bob,robert,robbie,bobby
cam,cameron
karl,carl
christopher,cristopher,chris,chrisophe
col,colin
colton,colt
Constandino,dino
danny,danil,dan,daniil,daniel
darian,darien
david,dave
dmitri,dimitri,dmitry,dimitry
dominic,domenic,dom
Echael,Schael
egor,yegor
Elliot,Elliott
emil,emilio
evgeny,evgeni,jevgenij,yevgeni,yevgeny
fedor,fyodor
felix,felix-antoine
philip,phillipe,phillip,filip
geoffrey,jeffrey,geoff,jeff
german,gera
isaac,issac
jake,jacob
james,jimmy,jim
jonny,john,jonathan,jon,johnny,jononthon
josh,joshua,j.t.
kev,kevin
leo,Leonid
lukas,lucas,lukasz,luke
Matiss Edmunds,Matiss
matt,matthew,mathew,mat
maxwell,maximillian,Maximilian,max,maxim,maxime
Mederik,Mederick
mike,michael
mitchell,mitch
nathan,nate
nicolas,nicholas,nic,nick,nicky,nickolas,nico
nikolay,nik,nikolai
olly,oli,oliver,ollie
oskar,oscar
pat,patrick
pete,peter
Rafael,Raphael
richard,rich
robbie,robby,robin
samuel,sam,saverio
sergey,sergei
stan,stanislaw,stanley,stanislav
steven,stephen,steve
tom,thomas,tommy
timothy,tim
ty,tyson
victor,viktor
vincent,vinny,vinnie
vlad,vladimir
zachary,Zacharie,zack,zach,zak
